window_ts,frontend_api__cpu,frontend_api__mem_mb,frontend_api__req_rate,frontend_api__err_rate,frontend_api__lat_p50,frontend_api__lat_p95,frontend_api__lat_p99,frontend_api__log_errors,orders_service__cpu,orders_service__mem_mb,orders_service__req_rate,orders_service__err_rate,orders_service__lat_p50,orders_service__lat_p95,orders_service__lat_p99,orders_service__log_errors,payments_service__cpu,payments_service__mem_mb,payments_service__req_rate,payments_service__err_rate,payments_service__lat_p50,payments_service__lat_p95,payments_service__lat_p99,payments_service__log_errors,label,fault_service,fault_type
1781967160,0.40255520069049466,84.5810546875,54.65026050327015,0.0,78.99952244508118,197.62747875354094,239.52549575070825,0.0,0.4081910690397953,84.0830078125,54.62809001219377,0.0,75.68551842330763,99.43873179091688,211.8969072164951,0.0,0.43903963781214483,76.3623046875,56.84513911983151,0.0,38.45744680851064,68.01047120418843,94.85863874345553,0.0,0,none,none
1781967180,0.4301251528477935,84.728515625,54.54585703849645,0.0,81.51609553478713,214.90347490347492,243.44401544401543,0.0,0.4360462012474512,84.4091796875,54.56799415580104,0.0,76.39867841409692,135.170807453416,227.0341614906831,0.0,0.4488702731002257,76.3408203125,53.94815487127266,0.0,38.77235213204952,76.03333333333326,97.69555555555553,0.0,0,none,none
1781967200,0.4382445044060447,84.7490234375,54.692700244064795,0.0,80.97853857945836,212.57716049382714,243.0092592592593,0.0,0.4395427143144816,84.400390625,54.692700244064795,0.0,76.19930222416049,118.88297872340424,223.77659574468092,0.0,0.4493591021717851,76.3046875,54.07144441979144,0.0,38.684510250569474,74.21361502347418,97.09624413145534,0.0,0,none,none
1781967220,0.4423818842599137,84.685546875,56.96918605940945,0.0,78.11111111111111,185.58528428093638,237.11705685618722,0.0,0.44265740018648736,84.6748046875,56.96918605940946,0.0,75.61025223759154,99.11716842961758,204.6823529411762,0.0,0.4541135842449555,76.3994140625,59.742218869933666,0.0,38.48069105691057,68.83413461538453,94.72836538461529,0.0,0,none,none
1781967240,0.4304756246509991,84.7763671875,59.12835503587562,0.0,78.8183807439825,195.43596730245224,239.0871934604904,0.0,0.4312383902479686,84.3701171875,59.12835503587562,0.0,75.84446190102122,99.44029850746269,211.85714285714266,0.0,0.45987259408989084,76.1494140625,59.615554965010176,0.0,38.66913885455295,73.20833333333331,95.64166666666668,0.0,0,none,none
1781967260,0.4293992668907086,85.0205078125,59.23066684413683,0.0003745318352059925,79.16666666666667,199.30379746835445,239.8607594936709,1.0,0.43500672334299795,84.4599609375,59.230666844136834,0.00037453183520599247,75.78369905956113,99.32405956112854,209.5454545454547,1.0,0.46628227022629976,76.2001953125,62.58041616753184,0.0,38.47906165180302,68.48173515981733,94.24429223744292,0.0,0,none,none
1781967280,0.43288135261329663,85.0908203125,61.51832460732985,0.00036062026685899744,78.80480607082632,195.91688654353564,239.8166226912929,1.0,0.4414262014699737,84.244140625,61.49613985269323,0.00036075036075036075,75.708269525268,99.5865237366003,214.4615384615386,1.0,0.4690107713921745,76.2060546875,59.743544236400744,0.0,38.32831325301204,63.483606557376966,92.91530054644804,0.0,0,none,none
1781967300,0.43520672889250134,85.177734375,61.410696489868236,0.0,78.51334445371143,192.09745762711856,239.09745762711862,1.0,0.4420712599434147,84.55859375,61.388550548112065,0.0,75.72685539403213,99.58684009181331,214.4615384615384,1.0,0.47070059684279725,76.5009765625,59.61687520761821,0.0,38.39249697458653,65.7291666666666,93.7708333333333,0.0,0,none,none
1781967320,0.4313308884820273,85.2138671875,61.51695986866916,0.0,78.14044481054366,186.5402476780184,238.0510835913312,0.0,0.43968673582388723,84.5576171875,61.51695986866916,0.0,75.83301779628928,99.4575918212798,212.18636363636358,0.0,0.46897595414036997,76.509765625,59.742218869933666,0.0,38.45802919708029,67.89024390243894,94.16341463414628,0.0,0,none,none
1781967340,0.39346299084612535,85.203125,41.01506177768905,0.0,110.45081967213113,471.5012330456226,494.3002466091245,0.0,0.41316971121302565,84.857421875,41.037244071781906,0.0,96.23217922606926,471.4506172839506,494.29012345679007,0.0,0.42430542663307835,76.32421875,39.839400190767726,0.0,47.82383419689119,468.5574229691877,493.71148459383755,0.0,0,none,none
1781967360,0.28267593996495016,85.224609375,29.57649819574506,0.0,362.88998357963874,486.2889983579639,497.2577996715928,0.0,0.30274958624682596,84.90234375,29.554360098293156,0.0,363.1050041017227,486.31050041017227,497.2621000820344,0.0,0.3079927408271069,76.47265625,31.214717407186026,0.0,356.0049019607843,485.60049019607845,497.1200980392157,0.0,1,payments-service,latency
1781967380,0.22899786336554853,85.2353515625,29.585930049457744,0.0,374.3406179351922,487.43406179351916,497.48681235870384,0.0,0.24788160890979688,84.916015625,29.608108407815656,0.0,374.24642049736246,487.42464204973624,497.4849284099472,0.0,0.2510039456077543,76.521484375,28.410477056488283,0.0,374.3131868131868,487.43131868131866,497.4862637362637,0.0,1,payments-service,latency
1781967400,0.21313908398064038,85.2626953125,34.07680028378857,0.0,320.7789179104477,482.07789179104475,496.415578358209,0.0,0.21808248296006666,84.7880859375,34.09897126640652,0.0,320.49486461251166,482.04948646125115,496.4098972922502,0.0,0.23949532131757123,76.7890625,34.05462930117063,0.0,319.8874296435272,481.9887429643527,496.3977485928706,0.0,1,payments-service,latency
1781967420,0.27613180099432544,85.205078125,45.353982300884944,0.0,91.02976669348351,461.3499245852186,492.26998491704364,0.0,0.29613450020517396,84.8466796875,45.331858407079636,0.0,88.07460437076111,461.31042296072496,492.26208459214496,0.0,0.30576484289794104,76.505859375,45.331858407079636,0.0,44.97452978056426,462.49999999999994,492.49999999999994,0.0,1,payments-service,latency
1781967440,0.32599366590425416,85.22265625,56.81087433753908,0.0,80.57950191570882,374.4117647058822,474.88235294117646,0.0,0.3483319670026486,84.8212890625,56.810874337539076,0.0,78.37595334230596,373.41897233201564,474.6837944664032,0.0,0.36124702212017823,76.5224609375,59.60485176397543,0.0,39.823008849557525,387.9999999999998,477.59999999999985,0.0,0,none,none
1781967460,0.3523237676648623,85.25,47.72041866240909,0.0,90.66767830045524,439.3401015228426,493.95939086294413,0.0,0.43129718813050544,84.6826171875,47.72041866240909,0.0,87.62306610407876,413.0136986301369,486.7123287671232,0.0,0.4138519243274265,76.5146484375,48.27479155579209,0.0,37.886169201520914,49.526497148288975,84.22463768115941,0.0,0,none,none
1781967480,0.285030124460101,85.2900390625,36.29041180766082,0.0,200.1953125,474.6835443037975,544.4444444444445,0.0,0.7607387607636202,84.8271484375,36.2682835077781,0.0,168.34389857369257,461.4002145922746,496.5718884120171,0.0,0.3419655285093416,76.7744140625,34.01119691974066,0.0,37.80181086519115,49.39889336016096,81.25609756097548,0.0,1,orders-service,cpu
1781967500,0.23233389695442053,85.2939453125,31.842472891766633,0.0,270.01312335958005,482.0209973753281,577.6470588235288,0.0,0.9144194907595016,84.8984375,31.820298467747296,0.0,220.47872340425533,470.64917127071817,497.0764272559852,0.0,0.28510100404397104,76.7734375,31.24376344324456,0.0,37.70863570391872,49.2117198838897,73.90740740740749,0.0,1,orders-service,cpu
1781967520,0.20589551405690953,85.2919921875,34.05089362833034,0.0,245.55449330783935,479.7680412371134,572.9166666666624,0.0,1.034510271868022,85.25,34.05089362833034,0.0,209.6417682926829,465.7196969696968,496.7803030303029,0.0,0.23223388118119379,76.7734375,34.05089362833034,0.0,37.77582748244734,49.341775325977935,80.72916666666627,0.0,1,orders-service,cpu
1781967540,0.2569842041438722,85.3544921875,45.3408864596933,0.0,113.33605220228385,450.63465783664446,495.86644591611474,0.0,0.9596787697898537,85.25390625,45.363014759576025,0.0,98.2775119617225,421.20462046204614,488.86138613861374,0.0,0.271725882756805,76.8203125,45.34088645969331,0.0,38.003826530612244,49.764668367346935,89.69375000000005,0.0,1,orders-service,cpu
1781967560,0.31056287617318906,85.35546875,54.5587615604693,0.0,84.1796875,363.53211009174277,476.3761467889907,0.0,0.8051358231098007,84.998046875,54.53658320211139,0.0,81.70062695924766,291.46551724137925,461.05172413793144,0.0,0.328320638909932,76.833984375,56.798775754618646,0.0,38.14894932014833,50.779999999999916,91.756,0.0,0,none,none
1781967580,0.3645507090289992,85.14453125,61.230360699269745,0.009035056017347307,77.94057377049181,182.6715686274509,236.9264705882353,458.0,0.65162167192791,84.984375,61.230360699269745,0.008673653776653415,75.66717499046892,99.40240182996568,211.21028037383178,458.0,0.3828436915223067,76.8427734375,61.31887585749059,0.0,38.44017926734217,66.16310160427804,95.79946524064172,0.0,0,none,none
1781967600,0.4523863780944545,85.18359375,65.16427423753298,0.35190954367374133,69.36758563137923,183.45284925143136,240.58526462169627,1125.0,0.4551289161491499,85.4697265625,65.06427423753298,0.3509134663887474,63.77257898093544,98.67296722379935,210.41223355910358,1125.0,0.4136040774782927,76.9345703125,59.14691536395949,0.3289665427361384,31.835637818677263,49.77820274803885,92.64772431740978,0.0,1,payments-service,error
1781967620,0.4659906493335328,85.1181640625,68.10274139574052,0.505369345916043,60.74588176791889,150.2272727272725,230.04545454545442,1787.0,0.4689879630261772,86.06640625,68.12490304279413,0.5058555627846455,52.06052801030264,96.59690920798454,153.9375000000002,1787.0,0.3839736002825289,76.98828125,63.119341208105254,0.4915969603069125,25.51759641155435,48.35062358286069,73.24311945588745,0.0,1,payments-service,error
1781967640,0.4780080067056205,85.501953125,65.69262394730444,0.5077388963660835,60.06922592825677,147.28110599078354,229.45622119815647,1993.0,0.4817093701917521,86.373046875,65.670520103446,0.5072366206664423,51.067796610169495,96.38813559322034,143.89285714285853,1993.0,0.3546520664490177,77.033203125,68.10194292787516,0.5089256734826355,17.656249999999993,48.08519647696477,63.77027027027006,0.0,1,payments-service,error
1781967660,0.4719269386153971,85.9111328125,51.76630988744646,0.4930662557781202,61.80019305019305,169.76648351648356,233.95329670329673,1511.0,0.47490484755349316,86.455078125,51.76630988744646,0.4930662557781202,52.360406091370564,96.83502538071068,166.5571428571435,1511.0,0.35587325617010546,77.0771484375,54.37190740617771,0.49339853300733494,25.4375,48.443749999999994,74.43750000000001,0.0,1,payments-service,error
1781967680,0.4720282184553578,86.119140625,31.87825777777778,0.4775390625,63.67753623188406,180.81081081081072,236.16216216216216,849.0,0.4745392678473384,86.423828125,31.90938888888889,0.4790243902439025,54.7773654916512,97.56493506493504,188.49999999999972,849.0,0.3604241903464518,77.0810546875,31.722602222222225,0.48086359175662413,26.224999999999998,49.152499999999996,85.01470588235296,0.0,0,none,none
1781967820,0.26373898119590106,85.9228515625,37.64404222222222,0.0,78.50496277915633,208.7105263157893,457.11538461538174,0.0,0.2501247553653759,86.4267578125,37.60325777777778,0.0,76.53179190751445,134.23076923076871,404.09090909090696,0.0,0.27421519984249026,140.955078125,36.542862222222226,0.0,38.58099878197321,70.43478260869574,96.40579710144934,0.0,0,none,none
1781967840,0.33546230496920726,85.7119140625,34.144846666666666,0.0,78.50496277915633,208.71052631578942,457.1153846153818,0.0,0.3320877887439735,86.2685546875,34.10785333333333,0.0,76.53179190751445,134.23076923076889,404.0909090909106,0.0,0.3692903662485363,268.583984375,33.146026666666664,0.0,38.5809987819732,70.43478260869558,96.40579710144925,0.0,1,payments-service,memory
1781967940,0.4071856287425134,85.462890625,32.97518054351932,0.0,77.68395657418577,174.01098901098908,234.80219780219778,0.0,0.4140508221225711,86.0771484375,32.97518054351932,0.0,75.58398220244716,98.65962180200222,187.13636363636337,0.0,0.46436553265458236,268.3994140625,32.045294758127234,0.0,38.53155339805825,67.99999999999997,93.59999999999998,0.0,1,payments-service,memory
1781967960,0.4156374343587592,85.4072265625,61.544623189373205,0.0,77.9645476772616,181.19402985074623,236.2388059701492,0.0,0.42497992454028977,86.0361328125,61.544623189373205,0.0,75.48910005589715,98.68082727780883,188.53333333333285,0.0,0.4669211436088309,140.5029296875,59.809091515920166,0.0,38.48670549784455,67.05882352941177,93.41176470588232,0.0,1,payments-service,memory
1781967980,0.415932417695188,85.158203125,61.39611254104908,0.0,77.98006509357201,181.0548172757475,236.2109634551495,0.0,0.42393569865741043,86.01953125,61.39611254104908,0.0,75.65469509913954,98.94594089038534,199.38414634146346,0.0,0.46400419265668413,76.556640625,62.50554717316056,0.0,38.348265345024785,62.20270270270269,92.65675675675678,0.0,1,payments-service,memory
1781968000,0.41639958801026555,85.1513671875,61.341668883568325,0.0,78.07535641547862,182.40228013029306,236.48045602605862,0.0,0.42255066749236625,86.0322265625,61.341668883568325,0.0,75.79647676161919,99.13137181409294,204.88586956521738,0.0,0.463458275556385,76.53515625,62.472288729271966,0.0,38.34157474324839,61.629834254143645,92.76795580110496,0.0,0,none,none
1781968020,0.41346962960507627,84.876953125,61.148693460671176,0.0,78.33949856144677,186.94528875379936,237.38905775075992,0.0,0.41772960953837984,85.787109375,61.148693460671176,0.0,75.8445945945946,99.20608108108108,206.78125000000023,0.0,0.45804001721113063,76.4892578125,59.44643409824469,0.0,38.438001605136435,65.22486772486768,93.6798941798942,0.0,0,none,none
1781968040,0.36915415042442984,85.1220703125,42.97987940897144,0.0,91.19897959183675,461.97735191637616,495.87979094076644,0.0,0.3676119693823993,85.705078125,43.00196567793803,0.0,75.70403825717322,98.98113708820404,200.50000000000017,0.0,0.40075124083306873,76.4638671875,42.40563641584028,0.0,38.285158421345194,59.210526315789494,92.89473684210532,0.0,0,none,none
1781968060,0.3122864345149005,85.150390625,29.501007729618387,0.0,313.84790011350736,483.938706015891,499.0578887627696,0.0,0.3097512924120982,85.6162109375,29.523155633319302,0.0,75.32692307692308,98.39807692307693,170.0200000000005,0.0,0.33721205538106347,76.1806640625,31.184248410887903,0.0,37.91512915129151,49.60516605166052,87.14893617021278,0.0,1,frontend-api,latency
1781968080,0.20246364031918285,85.4765625,24.90836019962019,0.0,376.47058823529414,491.31221719457017,686.6666666666695,0.0,0.1959266077595811,85.677734375,24.908360199620187,0.0,75.08992805755395,97.9136690647482,99.94244604316546,0.0,0.21128610763515443,76.169921875,25.46040718986,0.0,37.63262599469496,49.101458885941646,69.53571428571422,0.0,1,frontend-api,latency
1781968100,0.18674285555209036,85.4775390625,27.17811609253817,0.0,363.2671480144404,488.1543321299639,499.2554151624548,0.0,0.1854526463286187,85.6494140625,27.200212121881695,0.0,75.12366034624897,97.95754328112118,99.98722176422093,0.0,0.2025928385536998,76.158203125,27.686324767439288,0.0,37.652687296416936,49.13171824104234,70.74999999999993,0.0,1,frontend-api,latency
1781968120,0.20250781726119932,85.48828125,38.627750814440525,0.0,96.9934994582882,469.6227080394922,494.20662905500706,0.0,0.2077950032054447,85.6298828125,38.64991246149413,0.0,75.63722584469471,98.89745109662121,197.67999999999964,0.0,0.2275599712362918,76.462890625,39.093145402566314,0.0,38.04283164782867,49.84830458060678,89.19480519480518,0.0,1,frontend-api,latency
1781968140,0.3085696931649615,85.2265625,47.584316845688015,0.0,82.29355033152501,411.12499999999994,482.89166666666654,0.0,0.3195727984674043,85.6923828125,47.56221544445918,0.0,75.764192139738,99.25764192139738,208.07792207792198,0.0,0.34671734356643596,76.4814453125,47.783229456747556,0.0,38.23891625615764,57.33606557377047,92.77868852459014,0.0,0,none,none
1781968160,0.35705423822406646,85.271484375,60.8517029641737,0.1753176043557169,71.59698590179873,151.13636363636346,230.22727272727263,0.0,0.3531247589583175,85.751953125,49.78574899500817,0.0,75.61200923787528,99.03695150115473,202.38028169014046,0.0,0.3847176314934168,76.4638671875,48.10708132703097,0.0,37.99137104506232,49.737535953978906,89.76829268292695,0.0,0,none,none
1781968180,0.38413514087086653,85.248046875,64.51541459957477,0.3017507723995881,65.16958134605193,99.90328563857975,219.22887323943667,0.0,0.3528503916993367,85.7783203125,45.402197023387664,0.0,75.38808212318477,98.48522784176265,176.7857142857148,0.0,0.38471199424310687,76.453125,45.380049610205525,0.0,37.76901901901902,49.30618118118119,79.45555555555585,0.0,1,frontend-api,error
1781968200,0.3643875292180783,85.44921875,67.20519102165133,0.3967159277504105,58.97694524495678,98.46541786743516,203.86363636363694,0.0,0.28962266046168633,85.7744140625,40.72038667814341,0.0,75.15159867695701,98.03610804851158,118.21428571428335,0.0,0.3242983454109366,76.455078125,39.572711823258075,0.0,37.83842165898618,49.457805299539174,85.48958333333366,0.0,1,frontend-api,error
1781968220,0.36252897633367986,85.37109375,66.9050614749575,0.3870009897723523,60.03755054881572,99.43529751588679,215.55681818181807,0.0,0.2826818800245988,85.76171875,40.725779749685444,0.0,75.26477146042363,98.40440356744705,170.9285714285718,0.0,0.31613646353603037,76.48828125,42.40337284506544,0.0,37.85656620021528,49.488024757804084,85.2636363636365,0.0,1,frontend-api,error
1781968240,0.3634253183486238,85.41015625,64.47968812297877,0.2992098935073858,65.40987913820284,99.82790331056226,218.5863309352518,0.0,0.2871294228911638,85.5166015625,45.408231072520266,0.0,75.07530120481928,98.23042168674698,153.90624999999903,0.0,0.32156457252172044,76.490234375,45.386080715899524,0.0,37.76901901901902,49.306181181181174,78.81521739130427,0.0,1,frontend-api,error
1781968260,0.38093372207851484,85.2275390625,60.867645435478536,0.17736670293797607,71.57267865824016,151.06459330143542,230.21291866028707,0.0,0.34559377243202694,85.26171875,49.78474445303014,0.0,75.30963302752293,98.58371559633028,183.67647058823567,0.0,0.37817086469096517,76.4853515625,50.8886190528756,0.0,38.04570259208731,49.83799454297408,89.36868686868692,0.0,0,none,none
1781968280,0.38957316136455916,85.271484375,56.5541913258546,0.0,78.62107623318386,191.26146788990815,238.25229357798156,0.0,0.37498156096710655,85.2939453125,56.57627418072608,0.0,76.00979192166463,99.52876376988984,213.39999999999986,0.0,0.41085005718340334,76.4931640625,56.57627418072608,0.0,38.49407783417936,67.54054054054052,95.23783783783782,0.0,0,none,none
1781968300,0.3960040934306619,85.2255859375,56.76178660049628,0.0,78.0686317641883,182.34154929577466,236.46830985915486,0.0,0.40122845469075996,85.3271484375,56.73963133640553,0.0,75.82451140065146,99.28644136807819,208.69354838709668,0.0,0.43767247772132833,76.5078125,56.73963133640553,0.0,38.45383642495784,65.99719101123596,94.77247191011234,0.0,0,none,none
